{
    "interval": 0.00458,
    "total": 10,
    "bricks": {
        "0": {
            "x": 0.05729,
            "y": 0.0,
            "z": 0.014896,
            "r": 0.0,
            "w": 0.055,
            "l": 0.11458,
            "h": 0.029792
        },
        "1": {
            "x": 0.17645,
            "y": 0.0,
            "z": 0.014896,
            "r": 0.0,
            "w": 0.055,
            "l": 0.11458,
            "h": 0.029792
        },
        "2": {
            "x": 0.29561,
            "y": 0.0,
            "z": 0.014896,
            "r": 0.0,
            "w": 0.055,
            "l": 0.11458,
            "h": 0.029792
        },
        "3": {
            "x": 0.41477,
            "y": 0.0,
            "z": 0.014896,
            "r": 0.0,
            "w": 0.055,
            "l": 0.11458,
            "h": 0.029792
        },
        "4": {
            "x": 0.53393,
            "y": 0.0,
            "z": 0.014896,
            "r": 0.0,
            "w": 0.055,
            "l": 0.11458,
            "h": 0.029792
        },
        "5": {
            "x": 0.05729,
            "y": 0.5958,
            "z": 0.014896,
            "r": 0.0,
            "w": 0.055,
            "l": 0.11458,
            "h": 0.029792
        },
        "6": {
            "x": 0.17645,
            "y": 0.5958,
            "z": 0.014896,
            "r": 0.0,
            "w": 0.055,
            "l": 0.11458,
            "h": 0.029792
        },
        "7": {
            "x": 0.29561,
            "y": 0.5958,
            "z": 0.014896,
            "r": 0.0,
            "w": 0.055,
            "l": 0.11458,
            "h": 0.029792
        },
        "8": {
            "x": 0.41477,
            "y": 0.5958,
            "z": 0.014896,
            "r": 0.0,
            "w": 0.055,
            "l": 0.11458,
            "h": 0.029792
        },
        "9": {
            "x": 0.53393,
            "y": 0.5958,
            "z": 0.014896,
            "r": 0.0,
            "w": 0.055,
            "l": 0.11458,
            "h": 0.029792
        }
    }
}