{
    "interval": 0.00458,
    "total": 4,
    "bricks": {
        "0": {
            "x": 0.0,
            "y": 0.0,
            "z": 0.014896,
            "r": 0.0,
            "w": 0.055,
            "l": 0.11458,
            "h": 0.029792
        },
        "1": {
            "x": 0.0,
            "y": 0.0,
            "z": 0.044688,
            "r": 0.0,
            "w": 0.055,
            "l": 0.11458,
            "h": 0.029792
        },
        "2": {
            "x": 0.0,
            "y": 0.0,
            "z": 0.07448,
            "r": 0.0,
            "w": 0.055,
            "l": 0.11458,
            "h": 0.029792
        },
        "3": {
            "x": 0.0,
            "y": 0.0,
            "z": 0.104272,
            "r": 0.0,
            "w": 0.055,
            "l": 0.11458,
            "h": 0.029792
        }
    }
}