{
    "interval": 0.00458,
    "total": 30,
    "bricks": {
        "0": {
            "x": 0.05729,
            "y": 0.0,
            "z": 0.014896,
            "r": 0.0,
            "w": 0.055,
            "l": 0.11458,
            "h": 0.029792
        },
        "1": {
            "x": 0.17645,
            "y": 0.0,
            "z": 0.014896,
            "r": 0.0,
            "w": 0.055,
            "l": 0.11458,
            "h": 0.029792
        },
        "2": {
            "x": 0.29561,
            "y": 0.0,
            "z": 0.014896,
            "r": 0.0,
            "w": 0.055,
            "l": 0.11458,
            "h": 0.029792
        },
        "3": {
            "x": 0.41477,
            "y": 0.0,
            "z": 0.014896,
            "r": 0.0,
            "w": 0.055,
            "l": 0.11458,
            "h": 0.029792
        },
        "4": {
            "x": 0.53393,
            "y": 0.0,
            "z": 0.014896,
            "r": 0.0,
            "w": 0.055,
            "l": 0.11458,
            "h": 0.029792
        },
        "5": {
            "x": 0.65309,
            "y": 0.0,
            "z": 0.014896,
            "r": 0.0,
            "w": 0.055,
            "l": 0.11458,
            "h": 0.029792
        },
        "6": {
            "x": 0.77225,
            "y": 0.0,
            "z": 0.014896,
            "r": 0.0,
            "w": 0.055,
            "l": 0.11458,
            "h": 0.029792
        },
        "7": {
            "x": 0.8914099999999999,
            "y": 0.0,
            "z": 0.014896,
            "r": 0.0,
            "w": 0.055,
            "l": 0.11458,
            "h": 0.029792
        },
        "8": {
            "x": 1.01057,
            "y": 0.0,
            "z": 0.014896,
            "r": 0.0,
            "w": 0.055,
            "l": 0.11458,
            "h": 0.029792
        },
        "9": {
            "x": 1.1297300000000001,
            "y": 0.0,
            "z": 0.014896,
            "r": 0.0,
            "w": 0.055,
            "l": 0.11458,
            "h": 0.029792
        },
        "10": {
            "x": 0.0275,
            "y": 0.08937,
            "z": 0.014896,
            "r": 1.5707963267948966,
            "w": 0.055,
            "l": 0.11458,
            "h": 0.029792
        },
        "11": {
            "x": 0.08708,
            "y": 0.08937,
            "z": 0.014896,
            "r": 1.5707963267948966,
            "w": 0.055,
            "l": 0.11458,
            "h": 0.029792
        },
        "12": {
            "x": 0.14666,
            "y": 0.08937,
            "z": 0.014896,
            "r": 1.5707963267948966,
            "w": 0.055,
            "l": 0.11458,
            "h": 0.029792
        },
        "13": {
            "x": 0.20624,
            "y": 0.08937,
            "z": 0.014896,
            "r": 1.5707963267948966,
            "w": 0.055,
            "l": 0.11458,
            "h": 0.029792
        },
        "14": {
            "x": 0.26582,
            "y": 0.08937,
            "z": 0.014896,
            "r": 1.5707963267948966,
            "w": 0.055,
            "l": 0.11458,
            "h": 0.029792
        },
        "15": {
            "x": 0.3254,
            "y": 0.08937,
            "z": 0.014896,
            "r": 1.5707963267948966,
            "w": 0.055,
            "l": 0.11458,
            "h": 0.029792
        },
        "16": {
            "x": 0.38498000000000004,
            "y": 0.08937,
            "z": 0.014896,
            "r": 1.5707963267948966,
            "w": 0.055,
            "l": 0.11458,
            "h": 0.029792
        },
        "17": {
            "x": 0.44456,
            "y": 0.08937,
            "z": 0.014896,
            "r": 1.5707963267948966,
            "w": 0.055,
            "l": 0.11458,
            "h": 0.029792
        },
        "18": {
            "x": 0.50414,
            "y": 0.08937,
            "z": 0.014896,
            "r": 1.5707963267948966,
            "w": 0.055,
            "l": 0.11458,
            "h": 0.029792
        },
        "19": {
            "x": 0.56372,
            "y": 0.08937,
            "z": 0.014896,
            "r": 1.5707963267948966,
            "w": 0.055,
            "l": 0.11458,
            "h": 0.029792
        },
        "20": {
            "x": 0.6233,
            "y": 0.08937,
            "z": 0.014896,
            "r": 1.5707963267948966,
            "w": 0.055,
            "l": 0.11458,
            "h": 0.029792
        },
        "21": {
            "x": 0.6828799999999999,
            "y": 0.08937,
            "z": 0.014896,
            "r": 1.5707963267948966,
            "w": 0.055,
            "l": 0.11458,
            "h": 0.029792
        },
        "22": {
            "x": 0.74246,
            "y": 0.08937,
            "z": 0.014896,
            "r": 1.5707963267948966,
            "w": 0.055,
            "l": 0.11458,
            "h": 0.029792
        },
        "23": {
            "x": 0.80204,
            "y": 0.08937,
            "z": 0.014896,
            "r": 1.5707963267948966,
            "w": 0.055,
            "l": 0.11458,
            "h": 0.029792
        },
        "24": {
            "x": 0.8616199999999999,
            "y": 0.08937,
            "z": 0.014896,
            "r": 1.5707963267948966,
            "w": 0.055,
            "l": 0.11458,
            "h": 0.029792
        },
        "25": {
            "x": 0.9212,
            "y": 0.08937,
            "z": 0.014896,
            "r": 1.5707963267948966,
            "w": 0.055,
            "l": 0.11458,
            "h": 0.029792
        },
        "26": {
            "x": 0.98078,
            "y": 0.08937,
            "z": 0.014896,
            "r": 1.5707963267948966,
            "w": 0.055,
            "l": 0.11458,
            "h": 0.029792
        },
        "27": {
            "x": 1.0403600000000002,
            "y": 0.08937,
            "z": 0.014896,
            "r": 1.5707963267948966,
            "w": 0.055,
            "l": 0.11458,
            "h": 0.029792
        },
        "28": {
            "x": 1.0999400000000001,
            "y": 0.08937,
            "z": 0.014896,
            "r": 1.5707963267948966,
            "w": 0.055,
            "l": 0.11458,
            "h": 0.029792
        },
        "29": {
            "x": 1.15952,
            "y": 0.08937,
            "z": 0.014896,
            "r": 1.5707963267948966,
            "w": 0.055,
            "l": 0.11458,
            "h": 0.029792
        }
    }
}